date,time_ny,symbol,rank,taken,why_not,market_pct,rvol,range_pct,gap_pct,would_exit,would_pnl_pct,would_result
2026-10-05,9:46 AM,TSLA,5,yes,,0.1247,0.0950,1.8241,-0.6853,time,1.0718,win
2026-10-05,9:47 AM,INTU,2,yes,,0.1000,0.1881,2.9487,0.1851,stop,-2.3029,loss
2026-10-05,10:10 AM,UBER,4,yes,,0.2813,0.1336,1.7416,0.4699,time,-0.5033,loss
2026-10-05,1:45 PM,NVDA,3,no,limit,0.6750,0.1474,1.0961,0.9167,time,-0.3665,loss
2026-10-06,9:51 AM,MA,5,yes,,0.5342,0.0932,0.5830,-0.1682,stop,-0.6321,loss
2026-10-06,10:06 AM,MU,1,yes,,0.6329,0.1554,2.2789,0.0762,stop,-1.6138,loss
2026-10-07,9:43 AM,LLY,5,yes,,-0.5545,0.0264,0.9057,1.2503,time,0.3959,win
2026-10-07,10:17 AM,INTC,2,yes,,-0.6161,0.0442,2.7984,-0.7467,stop,-1.7452,loss
2026-10-07,11:50 AM,ACN,4,yes,,-0.3632,0.0292,1.0949,0.8632,time,-0.1178,loss
2026-10-07,11:54 AM,NFLX,3,no,limit,-0.3517,0.0325,0.6377,0.3347,time,0.2019,win
2026-10-08,9:38 AM,XOM,3,yes,,-0.3191,0.0439,0.5538,1.8104,stop,-0.6809,loss
2026-10-08,1:18 PM,INTU,5,yes,,-0.6009,0.0390,1.4562,-0.4257,time,0.3311,win
2026-10-09,9:36 AM,UNH,1,yes,,0.3528,0.1205,1.5058,0.6595,stop,-1.4666,loss
2026-10-09,9:38 AM,PFE,3,yes,,0.3179,0.0540,1.2386,-0.7905,time,0.5114,win
2026-10-09,9:42 AM,ORCL,5,yes,,0.3515,0.0417,2.9565,1.0365,stop,-1.7858,loss
2026-10-09,9:43 AM,TSLA,4,no,limit,0.3114,0.0521,1.1144,1.9397,stop,-1.1088,loss
2026-10-09,11:23 AM,PLTR,2,no,limit,0.4710,0.1125,1.9117,1.2955,time,1.3548,win
